{
  "train_loss": [
    0.7491620353290013,
    0.4542443890656744,
    0.3378364896135671,
    0.2769187444022724,
    0.2274470329284668,
    0.21322872622736863,
    0.1795255984844906,
    0.15306487772613764,
    0.13233720058841364,
    0.126757325604558,
    0.10918234275387866,
    0.12205481715500355,
    0.06550624334652509,
    0.054166934020551186,
    0.05756577999064965,
    0.0565330337267369,
    0.05934318038634956,
    0.04820750721098323,
    0.04371846144619797,
    0.03251288212569697,
    0.02541477475980563,
    0.027989015482099994,
    0.023279075394384563,
    0.0233844708252166,
    0.024137896901395704,
    0.028847989987947846,
    0.01594224215867663,
    0.019082674108046507,
    0.018058257988221676,
    0.01724897259347407,
    0.021543772267510315,
    0.01940095576823556,
    0.018325756819519614,
    0.018789977396539013,
    0.014028575005275863,
    0.015903319440050318,
    0.01580054122522207,
    0.02064107697931052,
    0.015402997889655776,
    0.021440151172490523,
    0.015093855909071863,
    0.022134656868209795,
    0.016443334469970847,
    0.015378646095216806,
    0.016305439922559475,
    0.011513707839185372,
    0.017400642540971085,
    0.016950077718190317,
    0.01379144931810775,
    0.021139298507478088
  ],
  "train_acc": [
    0.6466930469191634,
    0.828151498021481,
    0.8671565856416055,
    0.8954211418880723,
    0.9089881288863765,
    0.9180327868852459,
    0.9361221028829847,
    0.9412097230073487,
    0.9525155455059355,
    0.9525155455059355,
    0.9587337478801583,
    0.9536461277557943,
    0.9762577727529678,
    0.9836065573770492,
    0.9807801017524025,
    0.9802148106274732,
    0.9830412662521198,
    0.9841718485019785,
    0.9853024307518372,
    0.9847371396269079,
    0.9926512153759186,
    0.9886941775014132,
    0.9937817976257772,
    0.9920859242509893,
    0.9903900508762012,
    0.9903900508762012,
    0.9943470887507067,
    0.9943470887507067,
    0.9937817976257772,
    0.9943470887507067,
    0.9926512153759186,
    0.9954776710005653,
    0.994912379875636,
    0.9937817976257772,
    0.9971735443753533,
    0.9960429621254946,
    0.9954776710005653,
    0.994912379875636,
    0.9960429621254946,
    0.9937817976257772,
    0.994912379875636,
    0.9915206331260599,
    0.9960429621254946,
    0.994912379875636,
    0.994912379875636,
    0.998304126625212,
    0.9943470887507067,
    0.9926512153759186,
    0.9954776710005653,
    0.9943470887507067
  ],
  "val_loss": [
    0.8979412684483188,
    0.36136860294001444,
    0.3826838348593031,
    0.252971704517092,
    0.3644233335341726,
    0.26313217729330063,
    0.29021154450518744,
    0.22579639617885863,
    0.23510784176843508,
    0.3768078663519451,
    0.3502507284283638,
    0.25744858224477085,
    0.1812154379274164,
    0.18517943152359553,
    0.19074416533112526,
    0.25114776832716806,
    0.3189883194863796,
    0.21993978135287762,
    0.22616440350455896,
    0.21988325619271823,
    0.2058794624172151,
    0.20123243092426232,
    0.21881136032087461,
    0.2140442267326372,
    0.20630720989512547,
    0.20029717031866312,
    0.19874667735504253,
    0.20605678776545183,
    0.20168724283576012,
    0.20128769893199205,
    0.19999861105212144,
    0.20505392737686634,
    0.20445681629436357,
    0.2030289467158062,
    0.20314362964459828,
    0.20395550185016223,
    0.20277258913431848,
    0.20829736461330736,
    0.20107071261320794,
    0.2055538554808923,
    0.20432736751224315,
    0.2027440145611763,
    0.2038514560886792,
    0.20384556015155145,
    0.20422695138092553,
    0.20422964543104172,
    0.20377560665032693,
    0.20121970692915575,
    0.2040486689656973,
    0.203747261049492
  ],
  "val_acc": [
    0.6591422121896162,
    0.8690744920993227,
    0.8690744920993227,
    0.9187358916478555,
    0.8803611738148984,
    0.909706546275395,
    0.9006772009029346,
    0.927765237020316,
    0.9300225733634312,
    0.8893905191873589,
    0.927765237020316,
    0.9300225733634312,
    0.9435665914221218,
    0.9616252821670429,
    0.9525959367945824,
    0.9367945823927766,
    0.9255079006772009,
    0.945823927765237,
    0.9480812641083521,
    0.9525959367945824,
    0.9525959367945824,
    0.9525959367945824,
    0.9571106094808126,
    0.9480812641083521,
    0.9503386004514672,
    0.9548532731376975,
    0.9525959367945824,
    0.9525959367945824,
    0.9571106094808126,
    0.9525959367945824,
    0.9525959367945824,
    0.9503386004514672,
    0.9525959367945824,
    0.9571106094808126,
    0.9525959367945824,
    0.9548532731376975,
    0.9525959367945824,
    0.9525959367945824,
    0.9525959367945824,
    0.9593679458239278,
    0.9548532731376975,
    0.9548532731376975,
    0.9525959367945824,
    0.9548532731376975,
    0.9548532731376975,
    0.9548532731376975,
    0.9548532731376975,
    0.9525959367945824,
    0.9548532731376975,
    0.9571106094808126
  ]
}