{
  "train_loss": [
    0.7374528251789711,
    0.5647987787116755,
    0.5185910714370711,
    0.4717600632223997,
    0.4492558212531311,
    0.35440380159799045,
    0.35889040527714267,
    0.3734737574919924,
    0.3126437103392573,
    0.2965633878568271,
    0.29892484179219686,
    0.3052146627550928,
    0.2519846668819318,
    0.2041529183284388,
    0.19174808705947152,
    0.18876132160962164,
    0.18278280884837145,
    0.12969187615430905,
    0.1083987330323555,
    0.1284260490732498,
    0.11607797843664214,
    0.11203688140937572,
    0.10502086982848374,
    0.12165006214903819,
    0.08690798256508503,
    0.08172525166872645,
    0.08924900936613044,
    0.07984677240512594,
    0.05540327338039296,
    0.06859818157039348
  ],
  "train_acc": [
    0.6930469191633691,
    0.7885811192764274,
    0.8123233465234596,
    0.8343697003957038,
    0.8547201808931599,
    0.8694177501413228,
    0.8745053702656869,
    0.8824194460146976,
    0.8880723572639909,
    0.8942905596382137,
    0.8988128886376484,
    0.9022046353872244,
    0.9157716223855286,
    0.9327303561334087,
    0.9355568117580554,
    0.9355568117580554,
    0.9400791407574901,
    0.9525155455059355,
    0.9643866591294517,
    0.9553420011305822,
    0.9655172413793104,
    0.9621254946297343,
    0.9711701526286037,
    0.9621254946297343,
    0.9677784058790277,
    0.9694742792538157,
    0.9739966082532504,
    0.9723007348784624,
    0.9824759751271905,
    0.9773883550028265
  ],
  "val_loss": [
    1.2589576694254692,
    1.4549172992030015,
    0.8627460716435542,
    1.029213100052752,
    0.744868227889618,
    1.1269476131106226,
    1.5218025834765285,
    0.6331342341951453,
    0.47973301727324724,
    0.9633242510474072,
    1.1129929879322076,
    0.9184876308561518,
    1.5103821400911188,
    0.480502237221047,
    0.5092232120223343,
    0.818954472662881,
    0.4930127221786489,
    0.512060218253352,
    0.5000252171191207,
    0.4587829178826024,
    0.38650401131823087,
    0.5416205331790619,
    0.4951076717765178,
    0.45108458299028614,
    0.445385929684842,
    0.3975089809525973,
    0.3787200109397348,
    0.35050868895093745,
    0.43986612332334446,
    0.5101039664139255
  ],
  "val_acc": [
    0.5697115384615384,
    0.6129807692307693,
    0.7319711538461539,
    0.7584134615384616,
    0.7572115384615384,
    0.6490384615384616,
    0.5576923076923077,
    0.7944711538461539,
    0.8377403846153846,
    0.7956730769230769,
    0.7728365384615384,
    0.7223557692307693,
    0.6935096153846154,
    0.859375,
    0.8762019230769231,
    0.8221153846153846,
    0.8725961538461539,
    0.8725961538461539,
    0.8653846153846154,
    0.8930288461538461,
    0.8954326923076923,
    0.8798076923076923,
    0.8798076923076923,
    0.8858173076923077,
    0.8942307692307693,
    0.9086538461538461,
    0.9146634615384616,
    0.9110576923076923,
    0.9038461538461539,
    0.8918269230769231
  ]
}